{
  "app.title": "Альт",
  "layout.footer.copyright": "© {yearStart}-{yearEnd}, ООО «<link>{brand}</link>». Все права защищены",
  "articleL10nRu.title": "Как адаптировать веб-приложение под российских пользователей: нюансы локализации",
  "articleL10nRu.text1": "Российская аудитория — одна из крупнейших в Восточной Европе, с более чем {usersCount} интернет-пользователей. При этом около {percent} предпочитают сайты на русском языке. При локализации важно учитывать форматы чисел (например, десятичный разделитель — запятая), валют и дат.",
  "articleL10nRu.text2": "Также стоит обращать внимание на юридические аспекты: закон о персональных данных требует хранения информации на серверах внутри страны. Многие компании перешли на соответствие этому требованию ещё с {date}"
} 