{
  "app.title": "Альт",
  "layout.footer.copyright": "© {yearStart}-{yearEnd}, ООО «<link>{brand}</link>». Все права защищены",
  "articleRtlIcons.title": "Какие иконки нужно разворачивать для RTL, {br} а какие — нет?",
  "articleRtlIcons.intro": "При адаптации интерфейсов под языки с письмом справа налево (RTL) важно учитывать не только верстку и тексты, но и визуальные элементы. Многие иконки требуют зеркального отражения, а другие должны оставаться в оригинальном виде. Неправильное отображение может сделать интерфейс менее интуитивным и запутать пользователя.",
  "articleRtlIcons.whyImportant.title": "Почему важно разворачивать иконки в RTL?",
  "articleRtlIcons.whyImportant.text": "В RTL-интерфейсах меняется не только направление текста, но и логика взаимодействия. Иконки с явной направленностью должны отражать это изменение, чтобы сохранить естественный поток восприятия и соответствовать ожиданиям пользователя.",
  "articleRtlIcons.flipIcons.title": "Иконки, которые нужно разворачивать",
  "articleRtlIcons.flipIcons.text": "Разворачивайте иконки, которые имеют явное направление или асимметричную форму (за исключением примеров, которые мы рассмотрим позже в статье). Например, иконка заметок с явным направлением текста, асимметричная иконка пользовательского интерфейса окна приложения или иконка сообщения. Примеры таких иконок:",
  "articleRtlIcons.dontFlipIcons.title": "Иконки, которые не нужно разворачивать",
  "articleRtlIcons.dontFlipIcons.text": "Можно не разворачивать симметричные иконки. Иконки, которые являются логотипом или представляют бренд тоже не следует зеркалить — они должны оставаться узнаваемыми. Особое внимание уделите элементам, которые подчиняются «правилу правой руки» — если иконка интуитивно ассоциируется с действием правой руки (как держание предмета), её ориентация должна сохраняться независимо от направления письма. Примеры таких иконок:",
  "articleRtlIcons.conclusion.title": "Заключение",
  "articleRtlIcons.conclusion.text1": "Грамотная работа с иконками в RTL-интерфейсах — важная часть локализации. Это не просто техническая деталь, а способ сделать интерфейс по-настоящему удобным для пользователей с разными культурными особенностями.",
  "articleRtlIcons.conclusion.text2": "<strong>Рекомендация:</strong> Разработайте внутренние стандарты для дизайнеров и разработчиков, чтобы обеспечить единый подход к работе с иконками во всех локализациях продукта."
} 