{
  "layout.footer.copyright": "© {yearStart}-{yearEnd}, شركة ذات مسؤولية محدودة «<link>{brand}</link>». جميع الحقوق محفوظة",
  "articleL10nRu.title": "كيفية تكييف تطبيق الويب للمستخدمين الروس: دقائق الترجمة",
  "articleL10nRu.text1": "الجمهور الروسي من أكبر الجماهير في أوروبا الشرقية، بأكثر من {usersCount} مستخدم للإنترنت. في حين أن حوالي {percent} يفضلون المواقع باللغة الروسية. عند الترجمة، من المهم مراعاة تنسيقات الأرقام (مثل الفاصلة كفاصل عشري)، والعملات والتواريخ.",
  "articleL10nRu.text2": "كما يجب الانتباه إلى الجوانب القانونية: قانون البيانات الشخصية يتطلب تخزين المعلومات على خوادم داخل البلاد. انتقلت العديد من الشركات إلى الامتثال لهذا المطلب منذ {date}",
  "app.title": "Alt"
} 